-- Seed de jerarquia curricular ACC (Modulo -> Submodulo -> Tema -> Subtema)
-- Generado desde ACC-SubmodulosProfundizados.docx
-- Convencion actual: sin lecciones en este script

USE [ACC_Academic];
GO

SET NOCOUNT ON;
SET XACT_ABORT ON;

BEGIN TRY
    BEGIN TRAN;

    IF EXISTS (SELECT 1 FROM acc_academic.Modulos)
       OR EXISTS (SELECT 1 FROM acc_academic.SubModulos)
       OR EXISTS (SELECT 1 FROM acc_academic.Temas)
       OR EXISTS (SELECT 1 FROM acc_academic.SubTemas)
    BEGIN
        THROW 50001, 'Las tablas de jerarquia ya contienen datos. Este seed consecutivo requiere tablas vacias.', 1;
    END;

    SET IDENTITY_INSERT acc_academic.Modulos ON;
    INSERT INTO acc_academic.Modulos (Id_Modulo, NombreModulo, DescripcionModulo)
    VALUES
        (1, N'Modulo I: Desarrolla software de sistemas informaticos', N'Presenta fundamentos de diseño, codificacion e implementacion para construir una base tecnica ordenada durante las primeras etapas del recorrido academico.'),
        (2, N'Modulo II: Desarrolla software con herramientas orientadas a la productividad', N'Aborda herramientas de productividad y frameworks para organizar mejor el trabajo tecnico y ampliar el alcance de las soluciones desarrolladas.'),
        (3, N'Modulo III: Desarrolla aplicaciones web.', N'Describe la ruta de desarrollo web con enfoque en estructura de aplicaciones, integracion de componentes y criterios de mantenibilidad.'),
        (4, N'Modulo IV: Desarrolla aplicaciones moviles multiplataforma.', N'Describe la ruta de desarrollo movil multiplataforma con enfasis en arquitectura, reutilizacion de codigo y consistencia de experiencia.');
    SET IDENTITY_INSERT acc_academic.Modulos OFF;

    SET IDENTITY_INSERT acc_academic.SubModulos ON;
    INSERT INTO acc_academic.SubModulos (Id_SubModulo, NombreSubModulo, DescripcionSubModulo, Id_Modulo)
    VALUES
        (1, N'Submodulo 1.1: Diseña software de sistemas informaticos', N'Introduce principios y tecnicas de diseño para estructurar soluciones antes de codificar y reducir errores de planteamiento.', 1),
        (2, N'Submodulo 1.2: Codifica software de sistemas informaticos', N'Explica fundamentos de programacion en C# y practica de codificacion para construir logica funcional con estructura clara.', 1),
        (3, N'Submodulo 1.3: Implementa software de sistemas informaticos', N'Aborda integracion, validaciones, pruebas y refactorizacion para convertir componentes tecnicos en soluciones completas y operativas.', 1),
        (4, N'Submodulo 2.1: Emplea frameworks para el desarrollo de software', N'Presenta frameworks y herramientas del ecosistema .NET para mejorar productividad y estandarizar procesos de desarrollo.', 2),
        (5, N'Submodulo 3.1: Desarrollo de aplicaciones web', N'Describe una base inicial para el desarrollo web y prepara la transicion hacia contenidos de implementacion especifica.', 3),
        (6, N'Submodulo 4.1: Desarrollo de aplicaciones moviles multiplataforma', N'Describe una base inicial para desarrollo movil multiplataforma y prepara la transicion hacia contenidos de implementacion especifica.', 4);
    SET IDENTITY_INSERT acc_academic.SubModulos OFF;

    SET IDENTITY_INSERT acc_academic.Temas ON;
    INSERT INTO acc_academic.Temas (Id_Tema, NombreTema, DescripcionTema, Id_SubModulo)
    VALUES
        (1, N'Fundamentos del diseño de software', N'Presenta fundamentos del diseño de software a traves de subtemas que explican que es el diseño de software? y fases del diseño en el ciclo de vida con enfoque tecnico y secuencia progresiva.', 1),
        (2, N'Metodologias de desarrollo de software', N'Explica metodologias de desarrollo de software mediante contenidos que describen que es una metodologia de desarrollo de software? y relacionan metodologia cascada (waterfall) con decisiones de desarrollo.', 1),
        (3, N'Modelado funcional: E-R, E-P-S, DFD', N'Aborda modelado funcional: e-r, e-p-s, dfd con una secuencia de subtemas centrada en que es el modelado funcional en software? y su aplicacion dentro de ejercicios practicos.', 1),
        (4, N'Diagramas de flujo detallados', N'Analiza diagramas de flujo detallados integrando subtemas sobre que es un diagrama de flujo? y simbologia estandar de diagramas de flujo para mantener continuidad entre teoria y practica.', 1),
        (5, N'Introduccion al modelado UML', N'Presenta introduccion al modelado uml a traves de subtemas que explican que es uml y para que se utiliza? y breve historia y evolucion de uml con enfoque tecnico y secuencia progresiva.', 1),
        (6, N'Casos de uso: actores y procesos', N'Explica casos de uso: actores y procesos mediante contenidos que describen que es un caso de uso? y relacionan identificacion de actores con decisiones de desarrollo.', 1),
        (7, N'Diagramas de clases y relaciones', N'Aborda diagramas de clases y relaciones con una secuencia de subtemas centrada en que es un diagrama de clases? y su aplicacion dentro de ejercicios practicos.', 1),
        (8, N'Diseño de arquitectura: capas, servicios y patrones', N'Analiza diseño de arquitectura: capas, servicios y patrones integrando subtemas sobre que es una arquitectura de software? y principios de separacion de responsabilidades para mantener continuidad entre teoria y practica.', 1),
        (9, N'Diseño logico: pseudocodigo y algoritmos', N'Presenta diseño logico: pseudocodigo y algoritmos a traves de subtemas que explican que es el diseño logico en el desarrollo de software? y que es un algoritmo? con enfoque tecnico y secuencia progresiva.', 1),
        (10, N'Estructuras de control aplicadas al diseño', N'Explica estructuras de control aplicadas al diseño mediante contenidos que describen que son las estructuras de control? y relacionan condicionales simples (if, if-else) con decisiones de desarrollo.', 1),
        (11, N'Modularidad y componentes en diseño', N'Aborda modularidad y componentes en diseño con una secuencia de subtemas centrada en que es la modularidad en el diseño de software? y su aplicacion dentro de ejercicios practicos.', 1),
        (12, N'Diseño de interfaces preliminares (mockups)', N'Analiza diseño de interfaces preliminares (mockups) integrando subtemas sobre que es una interfaz de usuario (ui)? y que es un mockup y para que se utiliza? para mantener continuidad entre teoria y practica.', 1),
        (13, N'Herramientas de modelado (Lucidchart, Draw.io, StarUML)', N'Presenta herramientas de modelado (lucidchart, draw.io, staruml) a traves de subtemas que explican por que usar herramientas de modelado? y lucidchart: caracteristicas y uso basico con enfoque tecnico y secuencia progresiva.', 1),
        (14, N'Documentacion tecnica del diseño', N'Explica documentacion tecnica del diseño mediante contenidos que describen que es la documentacion tecnica en software? y relacionan tipos de documentacion en el diseño de software con decisiones de desarrollo.', 1),
        (15, N'Validacion del diseño', N'Aborda validacion del diseño con una secuencia de subtemas centrada en por que validar un diseño de software? y su aplicacion dentro de ejercicios practicos.', 1),
        (16, N'Refactorizacion y adaptacion del diseño', N'Analiza refactorizacion y adaptacion del diseño integrando subtemas sobre que es la refactorizacion de diseño? y causas comunes para refactorizar un diseño para mantener continuidad entre teoria y practica.', 1),
        (17, N'Introduccion al lenguaje de programacion C#', N'Presenta introduccion al lenguaje de programacion c# a traves de subtemas que explican que es c# y por que aprenderlo? y historia breve y evolucion de c# con enfoque tecnico y secuencia progresiva.', 2),
        (18, N'Entornos de desarrollo para C#', N'Explica entornos de desarrollo para c# mediante contenidos que describen que es un entorno de desarrollo (ide)? y relacionan visual studio: entorno oficial de .net con decisiones de desarrollo.', 2),
        (19, N'Instalacion y configuracion de Visual Studio', N'Aborda instalacion y configuracion de visual studio con una secuencia de subtemas centrada en descarga de visual studio community edition y su aplicacion dentro de ejercicios practicos.', 2),
        (20, N'Tipos de datos, variables y constantes', N'Analiza tipos de datos, variables y constantes integrando subtemas sobre que es una variable? y tipos de datos primitivos en c# para mantener continuidad entre teoria y practica.', 2),
        (21, N'Entrada y salida de datos', N'Presenta entrada y salida de datos a traves de subtemas que explican console.writeline y console.write y console.readline, console.read y console.readkey para entrada de datos con enfoque tecnico y secuencia progresiva.', 2),
        (22, N'Operadores y expresiones', N'Explica operadores y expresiones mediante contenidos que describen operadores aritmeticos y relacionan operadores de asignacion con decisiones de desarrollo.', 2),
        (23, N'Estructuras de control de flujo', N'Aborda estructuras de control de flujo con una secuencia de subtemas centrada en condicionales: if, else if, else y su aplicacion dentro de ejercicios practicos.', 2),
        (24, N'Arreglos unidimensionales', N'Analiza arreglos unidimensionales integrando subtemas sobre que es un arreglo (array)? y declaracion y creacion de arreglos para mantener continuidad entre teoria y practica.', 2),
        (25, N'Listas', N'Presenta listas a traves de subtemas que explican que es una lista (list<t>) y por que usarla? y declaracion y creacion de listas con enfoque tecnico y secuencia progresiva.', 2),
        (26, N'Metodos y modularidad', N'Explica metodos y modularidad mediante contenidos que describen que es un metodo y por que usarlo? y relacionan declaracion y sintaxis basica de metodos con decisiones de desarrollo.', 2),
        (27, N'Introduccion a la Programacion Orientada a Objetos (POO)', N'Aborda introduccion a la programacion orientada a objetos (poo) con una secuencia de subtemas centrada en que es la programacion orientada a objetos? y su aplicacion dentro de ejercicios practicos.', 2),
        (28, N'Proyecto Integrador I: Diseño y Codificacion Basica', N'Analiza proyecto integrador i: diseño y codificacion basica integrando subtemas sobre descripcion general del proyecto y aplicacion practica para mantener continuidad entre teoria y practica.', 2),
        (29, N'Organizacion tecnica del proyecto y puesta en marcha', N'Presenta organizacion tecnica del proyecto y puesta en marcha a traves de subtemas que explican revision tecnica del entorno de desarrollo y estructura logica de carpetas y namespaces con enfoque tecnico y secuencia progresiva.', 3),
        (30, N'Integracion de clases, listas y logica funcional', N'Explica integracion de clases, listas y logica funcional mediante contenidos que describen comunicacion entre clases y relacionan uso correcto de listas dinamicas (list<t>) para almacenar entidades con decisiones de desarrollo.', 3),
        (31, N'Programacion orientada a objetos - Parte II: Profundizacion', N'Aborda programacion orientada a objetos - parte ii: profundizacion con una secuencia de subtemas centrada en principios de encapsulamiento avanzado y su aplicacion dentro de ejercicios practicos.', 3),
        (32, N'Lectura y escritura de archivos con System.IO', N'Analiza lectura y escritura de archivos con system.io integrando subtemas sobre introduccion a la persistencia local con archivos y escritura de archivos con streamwriter y file.writealltext para mantener continuidad entre teoria y practica.', 3),
        (33, N'Validacion robusta y manejo estructurado de errores', N'Presenta validacion robusta y manejo estructurado de errores a traves de subtemas que explican validacion de entrada de datos en consola y uso de try, catch, finally para capturar errores con enfoque tecnico y secuencia progresiva.', 3),
        (34, N'Pruebas funcionales manuales y validacion por escenarios', N'Explica pruebas funcionales manuales y validacion por escenarios mediante contenidos que describen que son las pruebas funcionales? y relacionan diseño de casos de prueba simples con decisiones de desarrollo.', 3),
        (35, N'Refactorizacion tecnica y mejora del codigo fuente', N'Aborda refactorizacion tecnica y mejora del codigo fuente con una secuencia de subtemas centrada en que es refactorizar y por que hacerlo? y su aplicacion dentro de ejercicios practicos.', 3),
        (36, N'Documentacion tecnica del codigo implementado', N'Analiza documentacion tecnica del codigo implementado integrando subtemas sobre que es la documentacion tecnica y para que sirve? y comentarios xml en c# (///) para mantener continuidad entre teoria y practica.', 3),
        (37, N'Proyecto funcional integrador II: Sistema con validaciones, persistencia y documentacion', N'Presenta proyecto funcional integrador ii: sistema con validaciones, persistencia y documentacion a traves de subtemas que explican presentacion del reto: sistema funcional y requisitos tecnicos del proyecto con enfoque tecnico y secuencia progresiva.', 3),
        (38, N'Introduccion a los frameworks de desarrollo', N'Explica introduccion a los frameworks de desarrollo mediante contenidos que describen conceptos clave de introduccion a los frameworks de desarrollo y relacionan aplicacion practica con decisiones de desarrollo.', 4),
        (39, N'Arquitectura del ecosistema .NET', N'Aborda arquitectura del ecosistema .net con una secuencia de subtemas centrada en conceptos clave de arquitectura del ecosistema .net y su aplicacion dentro de ejercicios practicos.', 4),
        (40, N'Configuracion del entorno de trabajo en Visual Studio', N'Analiza configuracion del entorno de trabajo en visual studio integrando subtemas sobre conceptos clave de configuracion del entorno de trabajo en visual studio y aplicacion practica para mantener continuidad entre teoria y practica.', 4),
        (41, N'Fundamentos de interfaces graficas con WinForms o WPF', N'Presenta fundamentos de interfaces graficas con winforms o wpf a traves de subtemas que explican conceptos clave de fundamentos de interfaces graficas con winforms o wpf y aplicacion practica con enfoque tecnico y secuencia progresiva.', 4),
        (42, N'Introduccion al acceso a datos con ADO.NET', N'Explica introduccion al acceso a datos con ado.net mediante contenidos que describen conceptos clave de introduccion al acceso a datos con ado.net y relacionan aplicacion practica con decisiones de desarrollo.', 4),
        (43, N'Uso de herramientas de productividad en .NET (LINQ, NuGet)', N'Aborda uso de herramientas de productividad en .net (linq, nuget) con una secuencia de subtemas centrada en conceptos clave de uso de herramientas de productividad en .net (linq, nuget) y su aplicacion dentro de ejercicios practicos.', 4),
        (44, N'Buenas practicas de desarrollo con frameworks', N'Analiza buenas practicas de desarrollo con frameworks integrando subtemas sobre conceptos clave de buenas practicas de desarrollo con frameworks y aplicacion practica para mantener continuidad entre teoria y practica.', 4),
        (45, N'Proyecto integrador con WinForms y ADO.NET', N'Presenta proyecto integrador con winforms y ado.net a traves de subtemas que explican conceptos clave de proyecto integrador con winforms y ado.net y aplicacion practica con enfoque tecnico y secuencia progresiva.', 4),
        (46, N'Fundamentos de desarrollo web', N'Explica fundamentos de desarrollo web mediante contenidos que describen arquitectura inicial de aplicaciones web y relacionan aplicacion practica con decisiones de desarrollo.', 5),
        (47, N'Fundamentos de desarrollo movil multiplataforma', N'Aborda fundamentos de desarrollo movil multiplataforma con una secuencia de subtemas centrada en arquitectura inicial de apps moviles y su aplicacion dentro de ejercicios practicos.', 6);
    SET IDENTITY_INSERT acc_academic.Temas OFF;

    SET IDENTITY_INSERT acc_academic.SubTemas ON;
    INSERT INTO acc_academic.SubTemas (Id_SubTema, NombreSubTema, DescripcionSubTema, Id_Tema)
    VALUES
        (1, N'Que es el diseño de software?', N'Introduce el concepto, su papel en el ciclo de vida del software y su proposito', 1),
        (2, N'Fases del diseño en el ciclo de vida', N'Explica en que parte del desarrollo entra el diseño y sus interacciones con analisis e implementacion', 1),
        (3, N'Tipos de diseño: logico vs fisico', N'Diferencia los niveles de abstraccion en el diseño (logico, arquitectonico, fisico)', 1),
        (4, N'Principios fundamentales del buen diseño', N'Introduce conceptos como cohesion, acoplamiento, responsabilidad unica, reutilizacion', 1),
        (5, N'Ventajas de un buen diseño vs consecuencias de uno malo', N'Reflexion critica apoyada con ejemplos (positivos y negativos)', 1),
        (6, N'Diseño de software vs diseño grafico vs diseño UX', N'Aclara diferencias entre areas comunmente confundidas', 1),
        (7, N'Que es una metodologia de desarrollo de software?', N'Define que es una metodologia, por que es necesaria y como influye en el exito de un proyecto', 2),
        (8, N'Metodologia Cascada (Waterfall)', N'Explica sus fases, estructura secuencial y cuando se recomienda', 2),
        (9, N'Metodologias Agiles: introduccion y principios', N'Presenta el Manifiesto Agil y el enfoque iterativo/incremental', 2),
        (10, N'Scrum: roles, artefactos y sprints', N'Aborda la metodologia agil mas usada en la industria con sus elementos clave', 2),
        (11, N'Kanban: flujo visual y control de trabajo', N'Introduce esta tecnica agil visual, ideal para gestion de tareas', 2),
        (12, N'Comparativa entre metodologias: cuando usar cada una', N'Tabla comparativa sencilla entre cascada, agil, Scrum y Kanban. Casos practicos', 2),
        (13, N'Herramientas comunes: Trello, Azure DevOps, Jira', N'Muestra ejemplos reales de como se aplican estas metodologias en herramientas actuales', 2),
        (14, N'Que es el modelado funcional en software?', N'Presenta el proposito general de modelar un sistema antes de desarrollarlo', 3),
        (15, N'Introduccion a los Diagramas Entidad-Relacion (E-R)', N'Explica que son, cuando se usan y su relacion con las bases de datos', 3),
        (16, N'Elementos clave del Diagrama E-R', N'Atributos, entidades, relaciones, cardinalidades, tipos de relaciones', 3),
        (17, N'Introduccion al Diagrama Entrada-Proceso-Salida (E-P-S)', N'Muestra como visualizar la transformacion de datos en un sistema', 3),
        (18, N'Ejemplo practico de diagrama E-P-S', N'Construye uno paso a paso con un caso sencillo (ej. sistema de ventas)', 3),
        (19, N'Introduccion al Diagrama de Flujo de Datos (DFD)', N'Explica niveles de abstraccion, procesos, almacenes, flujos y entidades externas', 3),
        (20, N'Diferencias entre E-R, E-P-S y DFD', N'Comparacion clara de proposito, simbolo y uso', 3),
        (21, N'Buenas practicas al modelar', N'Consejos para claridad, consistencia y logica en los diagramas funcionales', 3),
        (22, N'Que es un diagrama de flujo?', N'Definirlo como herramienta visual para representar algoritmos o procesos', 4),
        (23, N'Simbologia estandar de diagramas de flujo', N'Explica los simbolos: inicio/fin, procesos, decisiones, entradas/salidas, conectores', 4),
        (24, N'Reglas y buenas practicas de diagramacion', N'Flujo vertical, claridad, uso de conectores, etiquetas significativas', 4),
        (25, N'Ejemplo guiado: diagrama de flujo de un programa basico', N'Construye uno paso a paso (ej. calculo de promedio o acceso a sistema)', 4),
        (26, N'Ejercicios de interpretacion', N'Leer y entender diagramas ya hechos, identificar errores logicos o de secuencia', 4),
        (27, N'Diagramas de flujo vs pseudocodigo', N'Compara ventajas, cuando usar cada uno, como se complementan', 4),
        (28, N'Que es UML y para que se utiliza?', N'Explica que UML es un lenguaje grafico para representar sistemas orientados a objetos', 5),
        (29, N'Breve historia y evolucion de UML', N'Origen, estandarizacion por la OMG y su relevancia actual', 5),
        (30, N'Tipos de diagramas UML: estructurales vs de comportamiento', N'Clasificacion general para orientar al estudiante sobre su diversidad', 5),
        (31, N'Diagramas mas comunes en el desarrollo de software', N'Enfatizar: clases, casos de uso, secuencia y actividades', 5),
        (32, N'Reglas y convenciones basicas de notacion UML', N'Como dibujar correctamente relaciones, atributos, operaciones, etc', 5),
        (33, N'Diferencias entre UML y otros esquemas de modelado', N'Contrastar con E-R, EPS, DFD, diagramas de flujo, etc', 5),
        (34, N'Que es un caso de uso?', N'Definirlo como una descripcion de una interaccion entre un actor y el sistema', 6),
        (35, N'Identificacion de actores', N'Explica que es un actor (usuario, sistema externo, dispositivo) y como detectarlos', 6),
        (36, N'Identificacion de procesos (escenarios de uso)', N'Como definir los procesos clave que debe cubrir el sistema', 6),
        (37, N'Diagrama de casos de uso: notacion y estructura', N'Introduccion al diagrama con actores, casos y relaciones (include, extend)', 6),
        (38, N'Ejemplo completo de caso de uso', N'Construye un caso simple (ej. "usuario inicia sesion" o "cliente realiza pedido")', 6),
        (39, N'Buenas practicas y errores comunes en casos de uso', N'Claridad en nombres, evitar tecnicismos, mantener enfoque funcional', 6),
        (40, N'Que es un diagrama de clases?', N'Introducirlo como representacion estructural de un sistema OO', 7),
        (41, N'Elementos de una clase: atributos, metodos y visibilidad', N'Explica como se representan los miembros y su acceso (+, -, #)', 7),
        (42, N'Relaciones entre clases: asociacion, agregacion, composicion', N'Distingue los tipos de relaciones con ejemplos claros', 7),
        (43, N'Herencia y generalizacion en UML', N'Muestra como representar jerarquias y clases base', 7),
        (44, N'Notacion y convenciones del diagrama de clases', N'Explica la sintaxis formal y organizacion visual', 7),
        (45, N'Ejemplo practico: modelado de un sistema sencillo', N'Ej. sistema de biblioteca, tienda o usuarios con roles', 7),
        (46, N'Buenas practicas de modelado de clases', N'Mantener cohesion, evitar acoplamiento innecesario, claridad en nombres', 7),
        (47, N'Que es una arquitectura de software?', N'Definirla como el diseño estructural de alto nivel de un sistema', 8),
        (48, N'Principios de separacion de responsabilidades', N'Introduce SRP, modularidad, mantenibilidad y escalabilidad', 8),
        (49, N'Arquitectura en capas: presentacion, logica y datos', N'Explica el modelo clasico de tres capas y su proposito', 8),
        (50, N'Servicios y componentes: definicion y proposito', N'Define un servicio, que hace, y como se desacopla del resto del sistema', 8),
        (51, N'Patron MVC: Modelo-Vista-Controlador', N'Explica su estructura, roles y aplicacion comun en web/desktops', 8),
        (52, N'Patron MVVM: Modelo-Vista-VistaModelo', N'Introduccion basica a este patron usado en interfaces modernas (WPF, MAUI)', 8),
        (53, N'Comparacion entre MVC y MVVM', N'Cuando usar cada uno, ventajas, herramientas compatibles', 8),
        (54, N'Ejemplo practico: arquitectura de una app simple', N'Representar visualmente la arquitectura de una app con capas y patron aplicado', 8),
        (55, N'Que es el diseño logico en el desarrollo de software?', N'Introduce el diseño logico como puente entre el problema y su implementacion', 9),
        (56, N'Que es un algoritmo?', N'Definirlo, sus caracteristicas (finito, definido, efectivo) y su rol en la solucion de problemas', 9),
        (57, N'Pseudocodigo: estructura basica y convenciones', N'Presenta una sintaxis estandar para representar algoritmos', 9),
        (58, N'Variables, operadores y asignacion en pseudocodigo', N'Explica como manejar informacion en este lenguaje intermedio', 9),
        (59, N'Condicionales y ciclos en pseudocodigo', N'Introduce estructuras de control: si, mientras, para, etc', 9),
        (60, N'Ejemplos practicos de algoritmos clasicos', N'Ej. suma de numeros, factorial, validacion de contrasenas, busqueda', 9),
        (61, N'Buenas practicas al escribir pseudocodigo', N'Claridad, coherencia, indentacion, comentarios breves y descriptivos', 9),
        (62, N'Conversion de pseudocodigo a codigo real', N'Muestra el proceso de transformacion del diseño logico a codigo C#', 9),
        (63, N'Que son las estructuras de control?', N'Introduce su papel en el flujo logico de cualquier algoritmo o proceso', 10),
        (64, N'Condicionales simples (if, if-else)', N'Diseñar decisiones binarias con resultados diferentes segun una condicion', 10),
        (65, N'Condicionales multiples (if-else if, switch)', N'Explica como elegir entre varias rutas posibles segun diferentes condiciones', 10),
        (66, N'Ciclos controlados por contador (for)', N'Explica como repetir acciones una cantidad determinada de veces', 10),
        (67, N'Ciclos controlados por condicion (while, do-while)', N'Explica como repetir mientras se cumpla una condicion logica', 10),
        (68, N'Control de flujo: break, continue y anidamiento', N'Introduce como modificar la ejecucion dentro de estructuras repetitivas', 10),
        (69, N'Errores comunes y buenas practicas en estructuras de control', N'Detecta fallos logicos, condiciones infinitas, y como evitarlos', 10),
        (70, N'Aplicacion de estructuras de control en el diseño de algoritmos', N'Integra lo aprendido para resolver problemas logicos reales antes de codificar', 10),
        (71, N'Que es la modularidad en el diseño de software?', N'Define el concepto y sus beneficios en sistemas complejos', 11),
        (72, N'Principios de diseño modular: cohesion y acoplamiento', N'Ensenar como evaluar la calidad de un modulo y su nivel de independencia', 11),
        (73, N'Componentes de software: definicion y tipos', N'Introduce que es un componente, su rol, y ejemplos reales', 11),
        (74, N'Division de funcionalidades en modulos', N'Estrategias para separar logica en unidades funcionales', 11),
        (75, N'Diseño de interfaces entre modulos', N'Explica como los modulos se comunican: entradas, salidas y contratos', 11),
        (76, N'Ventajas de la modularidad: mantenibilidad, escalabilidad, pruebas', N'Explica sus efectos positivos a largo plazo en el ciclo de vida del software', 11),
        (77, N'Ejemplo practico de diseño modular', N'Diseñar un sistema simple (ej. sistema de usuarios) dividido en modulos funcionales', 11),
        (78, N'Que es una interfaz de usuario (UI)?', N'Define la UI como punto de interaccion entre usuario y sistema', 12),
        (79, N'Que es un mockup y para que se utiliza?', N'Explica que es un prototipo visual estatico del diseño de interfaz', 12),
        (80, N'Diferencias entre wireframes, mockups y prototipos', N'Aclara los niveles de fidelidad en el diseño visual', 12),
        (81, N'Principios basicos de diseño de interfaces', N'Claridad, consistencia, jerarquia visual, simplicidad', 12),
        (82, N'Buenas practicas en diseño preliminar', N'Como organizar elementos, respetar espacios y evitar sobrecargas', 12),
        (83, N'Herramientas para crear mockups (Draw.io, Figma, Balsamiq)', N'Muestra ejemplos reales y accesibles de uso de herramientas', 12),
        (84, N'Ejemplo practico: diseño de interfaz para un login', N'Crea paso a paso un mockup simple basado en requisitos funcionales', 12),
        (85, N'Por que usar herramientas de modelado?', N'Explica los beneficios frente al papel o programas no especializados', 13),
        (86, N'Lucidchart: caracteristicas y uso basico', N'Muestra sus ventajas colaborativas y enfoque profesional', 13),
        (87, N'Draw.io (diagrams.net): uso gratuito y flexible', N'Herramienta accesible para crear cualquier tipo de diagrama', 13),
        (88, N'StarUML: modelado orientado a objetos', N'Enfocado en UML, ideal para diagramas de clases y casos de uso', 13),
        (89, N'Recomendaciones segun el tipo de diagrama', N'Cual usar para E-R, DFD, mockups, UML, arquitectura?', 13),
        (90, N'Ejemplo practico en cada herramienta', N'Crea una representacion breve (ej. diagrama de flujo en Draw.io, caso de uso en StarUML)', 13),
        (91, N'Que es la documentacion tecnica en software?', N'Definirla y explicar su importancia en proyectos reales', 14),
        (92, N'Tipos de documentacion en el diseño de software', N'Incluir: diagramas, especificaciones, descripciones funcionales, decisiones tecnicas', 14),
        (93, N'Estructura basica de un documento tecnico', N'Titulo, indice, proposito, diseño funcional, anexos, etc', 14),
        (94, N'Buenas practicas de redaccion tecnica', N'Claridad, precision, lenguaje objetivo, evitar ambiguedades', 14),
        (95, N'Herramientas para documentar: Word, Notion, Markdown, Docusaurus', N'Ejemplos de como hacerlo profesionalmente', 14),
        (96, N'Ejemplo practico de documentacion de un sistema simple', N'Redactar un documento basico a partir de un caso de estudio o proyecto integrador', 14),
        (97, N'Por que validar un diseño de software?', N'Muestra la importancia de detectar errores tempranos y ahorrar costos', 15),
        (98, N'Tipos de validacion: interna, por pares, con el cliente', N'Explica quien valida y en que momentos', 15),
        (99, N'Checklists de revision tecnica', N'Presenta listas de control para verificar claridad, coherencia, modularidad, reutilizacion, etc', 15),
        (100, N'Revision por pares: dinamica y enfoque colaborativo', N'Ensenar como revisar en equipo, con respeto y objetividad', 15),
        (101, N'Ejemplo practico: validacion de un diseño de login', N'Aplica una checklist y revision simulada sobre un caso basico', 15),
        (102, N'Registro de observaciones y toma de decisiones', N'Como documentar observaciones y aplicar ajustes posteriores', 15),
        (103, N'Que es la refactorizacion de diseño?', N'Definirla como el proceso de mejorar un diseño sin cambiar su funcionalidad', 16),
        (104, N'Causas comunes para refactorizar un diseño', N'Cambios en requisitos, errores logicos, mala modularidad, optimizacion', 16),
        (105, N'Estrategias para refactorizar: paso a paso', N'Evaluar, modificar, validar: como hacerlo con orden', 16),
        (106, N'Identificacion de "malos olores" en diseño', N'Introduce conceptos como duplicacion, baja cohesion, alto acoplamiento, etc', 16),
        (107, N'Ejemplo practico de refactorizacion de un diseño deficiente', N'Tomar un caso mal estructurado y mostrar como mejorarlo', 16),
        (108, N'Adaptacion del diseño a nuevos requerimientos', N'Como redisenar modulos o interfaces cuando el sistema crece', 16),
        (109, N'Registro de cambios y control de versiones de diseño', N'Buenas practicas para documentar modificaciones y mantener versiones previas', 16),
        (110, N'Que es C# y por que aprenderlo?', N'Presenta C# como un lenguaje moderno, profesional y versatil, usado en desarrollo web, de escritorio, movil, juegos, etc', 17),
        (111, N'Historia breve y evolucion de C#', N'Mencionar sus origenes con Microsoft, relacion con .NET y su crecimiento como lenguaje orientado a objetos y multiplataforma', 17),
        (112, N'Caracteristicas principales del lenguaje', N'Enfatizar: tipado fuerte, orientado a objetos, sintaxis clara, integracion con Visual Studio y .NET', 17),
        (113, N'Primer vistazo: programa "Hola Mundo"', N'Muestra el primer codigo real, su estructura basica y como se ejecuta', 17),
        (114, N'Anatomia de un programa en C#', N'Explica los componentes: namespace, class, Main, llaves {}, ;, indentacion', 17),
        (115, N'Convenciones de estilo en C#', N'Introduce buenas practicas: nombres en PascalCase, indentacion, comentarios, claridad del codigo', 17),
        (116, N'Que es un entorno de desarrollo (IDE)?', N'Introduce el concepto de entorno integrado de desarrollo y su importancia en la productividad', 18),
        (117, N'Visual Studio: entorno oficial de .NET', N'Presenta Visual Studio como la herramienta mas completa y robusta para desarrollo en C#', 18),
        (118, N'Visual Studio Code: una alternativa ligera', N'Introduce VS Code como opcion flexible y multiplataforma con extensiones', 18),
        (119, N'.NET CLI: la linea de comandos para C#', N'Explica brevemente su uso para crear, compilar y ejecutar programas', 18),
        (120, N'Otras opciones: editores online y multiplataforma', N'Mencionar opciones como .NET Fiddle, Replit, JetBrains Rider (solo a modo informativo)', 18),
        (121, N'Recomendacion oficial y requisitos minimos', N'Explica que herramienta se usara en el curso (Visual Studio) y por que. Incluir que necesita el equipo para instalarla correctamente.', 18),
        (122, N'Descarga de Visual Studio Community Edition', N'Acceder a la web oficial de Visual Studio y elegir la version correcta para el curso', 19),
        (123, N'Instalador de Visual Studio: cargas de trabajo', N'Explica como seleccionar la carga de trabajo adecuada: "Desarrollo de escritorio con .NET"', 19),
        (124, N'Configuracion basica inicial', N'Define carpeta de instalacion, interfaz de usuario preferida, idioma, etc', 19),
        (125, N'Creacion del primer proyecto de consola', N'Paso a paso: nuevo proyecto aplicacion de consola (.NET) nombre plantilla generada', 19),
        (126, N'Estructura del proyecto y archivos principales', N'Explica que es Program.cs, obj, bin, .csproj, y como se relacionan', 19),
        (127, N'Probar que todo funciona', N'Ejecutar el proyecto, interpretar la consola de salida y verificar que compila correctamente', 19),
        (128, N'Que es una variable?', N'Explica su funcion como espacio en memoria para guardar informacion', 20),
        (129, N'Tipos de datos primitivos en C#', N'int, double, bool, char, string: descripcion y ejemplos de uso', 20),
        (130, N'Declaracion y asignacion de variables', N'Sintaxis correcta, inicializacion y modificacion de valores', 20),
        (131, N'Constantes (const)', N'Declaracion, reglas y usos comunes', 20),
        (132, N'Inferencia de tipo con var', N'Introduccion al uso de var, cuando es util y cuando evitarlo', 20),
        (133, N'Convenciones de nombres y estilo', N'Reglas basicas: camelCase para variables, UPPER_CASE para constantes, claridad en nombres', 20),
        (134, N'Ejercicios basicos de practica', N'Declarar variables, operar con ellas y mostrar resultados', 20),
        (135, N'Console.WriteLine y Console.Write', N'Muestra mensajes en consola, diferencias entre ambos', 21),
        (136, N'Console.ReadLine, Console.Read y Console.ReadKey para entrada de datos', N'Capturar informacion desde el teclado como texto', 21),
        (137, N'Conversion de cadenas a tipos de datos', N'Usa Convert.ToInt32, double.Parse, int.TryParse, etc', 21),
        (138, N'Manejo basico de errores de conversion', N'Introduce try-catch muy simple para evitar fallos al convertir', 21),
        (139, N'Interpolacion de cadenas y concatenacion', N'Formatear salidas legibles: $"Hola {nombre}", +', 21),
        (140, N'Ejemplos practicos: calculadora basica, captura de nombre/edad', N'Aplica entrada/salida con conversiones en pequenos ejercicios', 21),
        (141, N'Operadores aritmeticos', N'+, -, *, /, %: uso, ejemplos y errores comunes (como division entre enteros)', 22),
        (142, N'Operadores de asignacion', N'=, +=, -=, etc. Como actualizan el valor de una variable', 22),
        (143, N'Operadores relacionales', N'==, !=, >, <, >=, <=: construir condiciones', 22),
        (144, N'Operadores logicos', N'Explica el uso de &&, || y ! para combinar condiciones y evaluar expresiones booleanas en validaciones y decisiones de control de flujo.', 22),
        (145, N'Precedencia de operadores', N'Explica orden de evaluacion, uso de parentesis', 22),
        (146, N'Expresiones compuestas', N'Combinar operadores en expresiones reales (ej. validaciones, formulas)', 22),
        (147, N'Ejercicios de aplicacion', N'Validar edad, comparar valores, calcular descuentos, operaciones de logica basica', 22),
        (148, N'Condicionales: if, else if, else', N'Crea decisiones simples y multiples con condiciones logicas', 23),
        (149, N'Estructura switch', N'Seleccionar entre multiples opciones basadas en un valor unico', 23),
        (150, N'Ciclo for', N'Explica como repetir instrucciones con un contador controlado', 23),
        (151, N'Ciclo while', N'Ejecutar instrucciones mientras se cumpla una condicion', 23),
        (152, N'Ciclo do-while', N'Ejecutar instrucciones al menos una vez', 23),
        (153, N'Ciclo foreach', N'Recorrer colecciones como arreglos y listas (mencionado aqui, profundizado luego)', 23),
        (154, N'Palabras clave: break, continue, return', N'Controlar el flujo dentro de los ciclos', 23),
        (155, N'Anidamiento de estructuras de control', N'Uso de condicionales dentro de ciclos y viceversa', 23),
        (156, N'Buenas practicas y errores comunes', N'Sangrado, claridad de condiciones, evitar bucles infinitos', 23),
        (157, N'Ejercicios practicos', N'Ej: tabla de multiplicar, menu interactivo, validacion de usuario, contador de positivos/negativos', 23),
        (158, N'Que es un arreglo (array)?', N'Definirlo como una coleccion fija de elementos indexados', 24),
        (159, N'Declaracion y creacion de arreglos', N'Sintaxis basica: int[] numeros = new int[5]; y con valores iniciales', 24),
        (160, N'Acceso y modificacion de elementos', N'Usa indices para leer y escribir valores', 24),
        (161, N'Recorrido de un arreglo con for y foreach', N'Muestra como procesar todos los elementos', 24),
        (162, N'Ejercicios clasicos con arreglos', N'Suma total, promedio, busqueda de un valor, mayor/menor, conteo de ocurrencias', 24),
        (163, N'Limitaciones de los arreglos', N'Tamano fijo, sin metodos dinamicos; preparar al estudiante para listas', 24),
        (164, N'Buenas practicas y errores comunes', N'Indices fuera de rango, inicializacion parcial, uso de variables de apoyo', 24),
        (165, N'Que es una lista (List<T>) y por que usarla?', N'Presenta su ventaja frente a arreglos: tamano dinamico, metodos utiles', 25),
        (166, N'Declaracion y creacion de listas', N'Sintaxis basica: List<int> numeros = new List<int>();', 25),
        (167, N'Agregar, eliminar y acceder a elementos', N'Metodos: Add, Remove, Insert, RemoveAt, Clear, acceso por indice', 25),
        (168, N'Recorrido con foreach y for', N'Procesar todos los elementos para mostrar, contar, evaluar', 25),
        (169, N'Metodos utiles: Contains, IndexOf, Count, Sort', N'Trabaja con los datos de forma eficiente', 25),
        (170, N'Comparacion entre List<T> y arreglos', N'Diferencias clave y cuando usar uno u otro', 25),
        (171, N'Ejercicios practicos', N'Ej: lista de tareas, lista de productos, lista de usuarios con operaciones', 25),
        (172, N'Que es un metodo y por que usarlo?', N'Introduce la idea de dividir el codigo en bloques con responsabilidad unica', 26),
        (173, N'Declaracion y sintaxis basica de metodos', N'Tipo de retorno, nombre, parametros, cuerpo', 26),
        (174, N'Metodos con parametros y valores de retorno', N'Como recibir datos, procesarlos y devolver resultados (return)', 26),
        (175, N'Metodos void vs metodos que devuelven datos', N'Explica su uso segun el objetivo del metodo', 26),
        (176, N'Llamada a metodos desde Main y entre metodos', N'Como invocar un metodo y pasarle argumentos', 26),
        (177, N'Paso por valor y por referencia (conceptual)', N'Introduce la diferencia con ejemplos simples (ref, out se tocaran mas adelante)', 26),
        (178, N'Buenas practicas para modularizar', N'Nombres descriptivos, longitud adecuada, reutilizacion, claridad', 26),
        (179, N'Ejercicios practicos', N'Ej: metodo para calcular promedio, convertir grados, validar contrasena, etc', 26),
        (180, N'Que es la Programacion Orientada a Objetos?', N'Introduce la POO como paradigma centrado en clases, objetos y comportamiento', 27),
        (181, N'Clases y objetos: definicion y uso', N'Crea clases personalizadas y generar objetos con new', 27),
        (182, N'Atributos (campos) y metodos en clases', N'Define propiedades y comportamientos de los objetos', 27),
        (183, N'Constructores: definicion e inicializacion', N'Crea constructores personalizados para establecer valores al crear un objeto', 27),
        (184, N'Modificadores de acceso: public, private', N'Introduce el concepto de encapsulamiento basico', 27),
        (185, N'Uso de this y acceso a miembros', N'Clarificar referencias dentro de la clase y diferenciacion de variables', 27),
        (186, N'Ejemplo practico: clase Persona, Producto o CuentaBancaria', N'Crea una clase completa con atributos, metodos y logica simple', 27),
        (187, N'Buenas practicas en clases simples', N'Nombres claros, separacion de responsabilidades, consistencia', 27),
        (188, N'Descripcion general del proyecto', N'Presenta el reto integrador y define su alcance funcional para aplicar diseño y codificacion en una solucion completa', 28),
        (189, N'Revision tecnica del entorno de desarrollo', N'Asegurar que Visual Studio este bien configurado (target framework, consola limpia, estructura base)', 29),
        (190, N'Estructura logica de carpetas y namespaces', N'Crea carpetas como Modelos, Servicios, Utilidades, Persistencia, etc., y aplicar namespaces coherentes', 29),
        (191, N'Archivo Program.cs y estructura del Main()', N'Entender el punto de entrada, menu general y la logica que conecta todo el sistema', 29),
        (192, N'Division anticipada de responsabilidades', N'Decidir desde el inicio que clase hace que: evitar que todo este en Program.cs', 29),
        (193, N'Flujo de ejecucion planeado vs ejecucion improvisada', N'Muestra el orden de ejecucion del sistema, planearlo con diagramas o listas antes de codificar todo junto', 29),
        (194, N'Comunicacion entre clases', N'Describe a instanciar clases, pasar referencias y acceder a metodos de otras clases', 30),
        (195, N'Uso correcto de listas dinamicas (List<T>) para almacenar entidades', N'Implementa almacenamiento temporal de objetos usando listas en memoria', 30),
        (196, N'Separacion de logica en metodos reutilizables', N'Describe como evitar duplicacion de codigo: agregar, eliminar, buscar, mostrar', 30),
        (197, N'Encapsulamiento practico y acceso controlado', N'Aplica get y set, modificadores de acceso y validacion dentro de propiedades', 30),
        (198, N'Flujo funcional de navegacion y menu principal', N'Integra todos los elementos anteriores dentro de una navegacion clara: bucles, opciones, llamadas a funciones', 30),
        (199, N'Principios de encapsulamiento avanzado', N'Explica como encapsular estado y comportamiento para proteger reglas internas y reducir acoplamiento entre componentes', 31),
        (200, N'Herencia aplicada a modelos de dominio', N'Describe como reutilizar comportamiento mediante herencia y cuando conviene preferir composicion en diseño orientado a objetos', 31),
        (201, N'Polimorfismo en escenarios practicos', N'Presenta el uso de polimorfismo para desacoplar decisiones de ejecucion y simplificar extensiones de funcionalidad', 31),
        (202, N'Abstraccion y contratos de comportamiento', N'Analiza como definir contratos claros para separar implementaciones concretas de la logica de negocio', 31),
        (203, N'Interfaces para desacoplar servicios', N'Explica como usar interfaces para aislar dependencias y facilitar pruebas, mantenimiento e intercambio de implementaciones', 31),
        (204, N'Introduccion a la persistencia local con archivos', N'Explica cuando es util guardar datos en archivos .txt como alternativa temporal', 32),
        (205, N'Escritura de archivos con StreamWriter y File.WriteAllText', N'Guardar datos desde listas u objetos en archivos de texto plano', 32),
        (206, N'Lectura de archivos con StreamReader y File.ReadAllLines', N'Cargar informacion desde archivos y transformarla nuevamente en objetos', 32),
        (207, N'Serializacion y deserializacion basica', N'Convertir objetos a texto y viceversa con formatos personalizados (CSV o delimitados)', 32),
        (208, N'Buenas practicas de manejo de archivos', N'Validar si existen, evitar sobrescritura accidental, cerrar flujos correctamente, rutas relativas', 32),
        (209, N'Validacion de entrada de datos en consola', N'Detecta y rechazar entradas invalidas antes de procesarlas (numeros, cadenas vacias, rangos, etc.)', 33),
        (210, N'Uso de try, catch, finally para capturar errores', N'Implementa bloques de manejo de errores para evitar que el sistema se caiga ante una excepcion', 33),
        (211, N'Excepciones comunes y personalizadas', N'Reconocer errores tipicos (FormatException, NullReferenceException, etc.) y definir excepciones propias', 33),
        (212, N'Registro de errores (logging simple en consola o archivo)', N'Muestra o guardar mensajes de error de forma controlada sin interrumpir al usuario', 33),
        (213, N'Separacion de validacion logica y visual', N'Describe como evitar mezclar la logica de negocio con la visual (mostrar errores en una capa separada si es posible).', 33),
        (214, N'Que son las pruebas funcionales?', N'Explica el concepto de probar funcionalidades desde la perspectiva del usuario', 34),
        (215, N'Diseño de casos de prueba simples', N'Crea escenarios concretos: entrada esperada, salida esperada, pasos a seguir', 34),
        (216, N'Validacion por flujo completo', N'Probar flujos enteros como "Agregar Mostrar Editar Guardar Salir"', 34),
        (217, N'Pruebas limite y de error controlado', N'Asegurarse de que el sistema responde bien a entradas extremas o maliciosas', 34),
        (218, N'Registro de resultados de pruebas', N'Registra si el sistema cumple o falla en un escenario; realizar ajustes y repetir', 34),
        (219, N'Que es refactorizar y por que hacerlo?', N'Explica que el objetivo es mejorar el codigo sin alterar su comportamiento externo', 35),
        (220, N'Deteccion de codigo duplicado o innecesario', N'Identificar repeticiones, condiciones redundantes y logica confusa', 35),
        (221, N'Renombrado claro y consistente', N'Renombra variables, clases y metodos para que expresen mejor su proposito', 35),
        (222, N'Reorganizacion y limpieza de metodos', N'Dividir metodos muy largos, eliminar dependencias innecesarias, aplicar principios como SRP', 35),
        (223, N'Refactorizacion segura con pruebas', N'Refactorizar despues de tener pruebas que garanticen que el sistema sigue funcionando', 35),
        (224, N'Que es la documentacion tecnica y para que sirve?', N'Explica que documentar es dejar trazabilidad, guias de uso y mantenimiento', 36),
        (225, N'Comentarios XML en C# (///)', N'Usa la sintaxis especial para documentar metodos, parametros y clases', 36),
        (226, N'Convenciones para nombrado, estructura y claridad', N'Aplica convenciones de codificacion para hacer que el codigo sea autoexplicativo', 36),
        (227, N'Archivos externos de documentacion tecnica (Markdown o Word)', N'Crea archivos que expliquen como instalar, ejecutar, probar y mantener el sistema', 36),
        (228, N'Buenas practicas de documentacion continua', N'Describe mientras se programa, no al final, y evitar comentarios innecesarios o redundantes', 36),
        (229, N'Presentacion del reto: sistema funcional', N'Introduce el contexto del sistema a desarrollar (ej. sistema de gestion de inventario, usuarios, agenda, etc.)', 37),
        (230, N'Requisitos tecnicos del proyecto', N'Establecer los elementos obligatorios: uso de listas, clases, archivos, validaciones, modularidad', 37),
        (231, N'Plan de desarrollo guiado (etapas)', N'Define pasos claros: diseño codificacion pruebas documentacion', 37),
        (232, N'Revision por pares y checklist tecnico', N'Usa una lista de verificacion para validar que el proyecto cumpla con los criterios minimos', 37),
        (233, N'Presentacion del sistema (opcional)', N'Posibilidad de exponer el proyecto final con explicacion de estructura, retos y decisiones tecnicas', 37),
        (234, N'Conceptos clave de Introduccion a los frameworks de desarrollo', N'Presenta los elementos principales de introduccion a los frameworks de desarrollo y su papel dentro del flujo de trabajo con frameworks.', 38),
        (235, N'Conceptos clave de Arquitectura del ecosistema .NET', N'Presenta los elementos principales de arquitectura del ecosistema .net y su papel dentro del flujo de trabajo con frameworks', 39),
        (236, N'Conceptos clave de Configuracion del entorno de trabajo en Visual Studio', N'Presenta los elementos principales de configuracion del entorno de trabajo en visual studio y su papel dentro del flujo de trabajo con frameworks.', 40),
        (237, N'Conceptos clave de Fundamentos de interfaces graficas con WinForms o WPF', N'Presenta los elementos principales de fundamentos de interfaces graficas con winforms o wpf y su papel dentro del flujo de trabajo con frameworks.', 41),
        (238, N'Conceptos clave de Introduccion al acceso a datos con ADO.NET', N'Presenta los elementos principales de introduccion al acceso a datos con ado.net y su papel dentro del flujo de trabajo con frameworks.', 42),
        (239, N'Conceptos clave de Uso de herramientas de productividad en .NET (LINQ, NuGet)', N'Presenta los elementos principales de uso de herramientas de productividad en .net (linq, nuget) y su papel dentro del flujo de trabajo con frameworks.', 43),
        (240, N'Conceptos clave de Buenas practicas de desarrollo con frameworks', N'Presenta los elementos principales de buenas practicas de desarrollo con frameworks y su papel dentro del flujo de trabajo con frameworks.', 44),
        (241, N'Conceptos clave de Proyecto integrador con WinForms y ADO.NET', N'Presenta los elementos principales de proyecto integrador con winforms y ado.net y su papel dentro del flujo de trabajo con frameworks.', 45),
        (242, N'Arquitectura inicial de aplicaciones web', N'Describe la estructura base de una aplicacion web y los componentes que organizan su logica, interfaz y acceso a datos.', 46),
        (243, N'Arquitectura inicial de apps moviles', N'Describe la estructura base de una app movil multiplataforma y los elementos necesarios para compartir logica y mantener consistencia funcional.', 47);
    SET IDENTITY_INSERT acc_academic.SubTemas OFF;

    COMMIT TRAN;

    SELECT
        (SELECT COUNT(*) FROM acc_academic.Modulos) AS TotalModulos,
        (SELECT COUNT(*) FROM acc_academic.SubModulos) AS TotalSubModulos,
        (SELECT COUNT(*) FROM acc_academic.Temas) AS TotalTemas,
        (SELECT COUNT(*) FROM acc_academic.SubTemas) AS TotalSubTemas;
END TRY
BEGIN CATCH
    IF @@TRANCOUNT > 0 ROLLBACK TRAN;
    THROW;
END CATCH;
